question_id,subtype,model,rag_condition,temperature,finish_reason,question_text,raw_response,retrieved_context,n_chunks_retrieved,ground_truth
Q01,A,grok-4-1-fast,RAG-,0.0,stop,Why does probe platinization improve SVET signal quality?,"Probe platinization improves SVET signal quality by depositing a high-surface-area platinum black layer on the microelectrode, which drastically lowers its impedance, enhances high-frequency response to the vibrating probe's modulation, and reduces noise for more accurate mapping of local ionic currents.",,0,"Electrodepositing platinum black onto the probe tip dramatically increases its electrochemical surface area, creating a highly capacitive interface (target >1 nF) that reduces impedance and lowers noise in the measured signal."
Q02,A,grok-4-1-fast,RAG-,0.0,stop,Why does excessive platinization degrade SVET probe performance?,"Excessive platinization degrades SVET probe performance by excessively increasing the electrode's capacitance, which attenuates the amplitude of the vibration-induced potential signal due to a longer RC time constant relative to the vibration frequency, and by creating a thick, fragile platinum black layer prone to mechanical breakdown and detachment during scanning.",,0,"When the hairy platinum black structure becomes too thick, it fills in on itself, reducing the effective surface area and causing signal instability and increased noise rather than further improvement."
Q03,A,grok-4-1-fast,RAG-,0.0,stop,Why does the SVET probe need to vibrate during measurement?,"The SVET probe vibrates perpendicularly to the sample surface to modulate its position within the local ionic current-induced electric field gradient, generating a small alternating potential signal that enables lock-in amplification for sensitive, noise-free mapping of current density.",,0,"Vibration converts the DC potential gradient above the sample into an AC signal at a known frequency, enabling phase-sensitive lock-in detection that extracts the signal from background noise with approximately 10x better signal-to-noise ratio than static SRET."
Q04,A,grok-4-1-fast,RAG-,0.0,stop,Why does increasing electrolyte conductivity reduce SVET signal strength?,"Increasing electrolyte conductivity reduces SVET signal strength because it decreases the potential gradient (electric field) generated by a fixed local anodic or cathodic current density, as the electric field E is inversely proportional to conductivity κ via E = i / κ, resulting in a smaller AC voltage amplitude detected during electrode vibration.",,0,"In high-conductivity solutions, ionic currents produce smaller potential gradients in the electrolyte above the sample, so the voltage difference sensed by the vibrating probe decreases, reducing sensitivity and raising the detection threshold."
Q05,A,grok-4-1-fast,RAG-,0.0,stop,Why must the probe-sample distance be at least 4 times the vibration amplitude?,"The probe-sample distance must be at least 4 times the vibration amplitude to ensure the potential variation during vibration is dominated by the linear gradient term in the Taylor expansion of the near-surface electric field, minimizing nonlinear higher-order contributions that would distort the measured AC voltage and thus the calculated local current density.",,0,"If the standoff distance is less than 4x the vibration amplitude, the probe spends part of its oscillation cycle meaningfully closer to the surface than assumed, distorting the sinusoidal position signal that the lock-in amplifier relies on and causing overestimation of local currents."
Q06,A,grok-4-1-fast,RAG-,0.0,stop,Why does increasing probe-sample distance reduce SVET spatial resolution?,"Increasing the probe-sample distance in SVET reduces spatial resolution because the electric field gradients generated by localized anodic and cathodic sites spread out hemispherically with distance, causing the vibrating microelectrode to measure a spatially averaged ionic current density over a larger effective area on the sample surface.",,0,"Spatial resolution in SVET is limited by the probe height above the sample, because current from a point source spreads laterally as it travels upward, meaning two adjacent corrosion sites can only be resolved if the probe height is approximately half their separation distance."
Q07,A,grok-4-1-fast,RAG-,0.0,stop,Why is the lock-in amplifier phase angle setting critical in SVET?,"The lock-in amplifier phase angle setting is critical in SVET because it must be precisely tuned to the vibration-induced signal phase to isolate the in-phase (real) component representing the local ionic current density from the out-of-phase (quadrature) component linked to capacitive artifacts or noise, ensuring accurate corrosion activity mapping.",,0,"The lock-in must be set so that the probe's motion-induced voltage appears fully in-phase with the reference signal, because a 90-degree phase offset causes the output to go to zero, meaning an incorrect phase setting can make real electrochemical signals disappear entirely from the measurement."
Q08,A,grok-4-1-fast,RAG-,0.0,stop,Why does SVET measure only ionic current in solution rather than true metal dissolution rates?,"SVET measures only ionic current in the solution—detected via the potential gradient from vibrating a microelectrode through diffusing charged species—rather than true metal dissolution rates because it probes the electrolyte-side mass transport-limited flux distant from the electrode surface, not the direct anodic electron transfer at the metal interface.",,0,"SVET detects the potential gradient generated by ionic current flowing between anodic and cathodic sites above the measurement height, but it misses current pathways that flow entirely below the probe standoff distance and cannot capture return paths outside the mapped area, making it a semi-quantitative technique rather than a direct dissolution rate measurement."
Q09,B,grok-4-1-fast,RAG-,0.0,stop,"What is the recommended probe-sample distance during SVET calibration on the AE system in 10 mM NaCl, and why is it used as the standard?","The recommended probe-sample distance during SVET calibration on the AE system in 10 mM NaCl is 100 μm, as it is used as the standard because it optimizes signal-to-noise ratio, minimizes surface perturbation, and aligns with the hemispherical diffusion approximation in the calibration equations for accurately converting voltage amplitude to local current density.",,0,"The recommended probe-sample distance for AE SVET calibration in 10 mM NaCl is 150 µm, providing a balance between sufficient signal strength and safe standoff from the surface, and this distance is used as the reference height when applying the −60 nA calibration current to convert the measured gradient into current density."
Q10,B,grok-4-1-fast,RAG-,0.0,stop,"What gain configuration is used in the AE SVET system, and why should the pre-amplifier gain not be altered?","The AE SVET system uses a fixed pre-amplifier gain configuration of 1 V/nA in a transimpedance amplifier setup, and this gain should not be altered because the lock-in amplifier's sensitivity, phase reference, and overall system calibration are precisely optimized for it to ensure accurate quantification of local ionic currents without requiring extensive recalibration.",,0,"The standard AE SVET configuration uses 500x gain in the PSDA-2 and 100x in the pre-amplifier, and the pre-amplifier gain must not be altered without updating the matching gain setting in the ASET-LV4 software SENSOR window, because a mismatch causes the current densities reported by the software to be incorrect."
Q11,B,grok-4-1-fast,RAG-,0.0,stop,Why is 10 mM NaCl the standard solution used for AE SVET probe calibration?,"10 mM NaCl is the standard solution for AE SVET probe calibration because its well-characterized conductivity of approximately 1.07 mS/cm at 25°C enables the reproducible generation of a uniform alternating electric field with a precisely known gradient between parallel platinum electrodes, facilitating accurate determination of the probe's sensitivity constant k relating measured current to local current density.",,0,"10 mM NaCl is used for AE SVET calibration because it provides a well-defined, reproducible conductivity that is low enough to generate measurable potential gradients during the Point Injection Source calibration procedure while being representative of dilute corrosion-relevant electrolyte conditions."
Q12,B,grok-4-1-fast,RAG-,0.0,stop,"What is the typical sensitivity limit of standard SVET systems, and what solution conditions does it apply to?","Standard SVET systems typically have a sensitivity limit of approximately 10^{-6} A/cm² (1 μA/cm²) in dilute, low-conductivity, non-buffered electrolyte solutions such as 0.05 M NaCl.",,0,"Standard SVET systems can detect current densities on the order of 1 µA/cm² in moderate-conductivity solutions such as 0.05 M NaCl at a probe standoff of approximately 100 µm, with sensitivity improving in lower-conductivity media where a given current produces larger potential gradients."
Q13,B,grok-4-1-fast,RAG-,0.0,stop,What sandpaper grit is recommended for preparing Pt wire surfaces before platinization in the AE system?,1200 grit sandpaper is recommended for preparing Pt wire surfaces before platinization in the AE system.,,0,"Fine-grit sandpaper (typically 500–600 grit) is used to abrade platinum wire surfaces before platinization in the AE SVET system to remove surface contamination and create a clean, lightly roughened surface that promotes uniform adhesion of the platinum black deposit."
Q14,B,grok-4-1-fast,RAG-,0.0,stop,What compressed gas and pressure are recommended for probe vibration calibration and environmental cleaning in the AE SVET setup?,Dry nitrogen at a pressure of 10 psi is recommended for probe vibration calibration and environmental cleaning in the AE SVET setup.,,0,Compressed air or nitrogen at 30-40 psi is recommended for cleaning the vibration calibration environment in the AE SVET system to remove dust and debris without disturbing the optical alignment needed for mirror-based amplitude verification.
Q15,B,grok-4-1-fast,RAG-,0.0,stop,What is the typical wait-time setting used between measurement points in ASET-LV4 software during SVET scans?,The typical wait-time setting used between measurement points in ASET-LV4 software during SVET scans is 1 second.,,0,"The typical wait-time between measurement points in ASET-LV4 is approximately 0.05 seconds, which allows the lock-in amplifier output to stabilize at each position before recording the signal."
Q16,C,grok-4-1-fast,RAG-,0.0,stop,What happens to SVET measurements if the operator enters an incorrect conductivity value in the ASET-LV4 software?,"Entering an incorrect conductivity value in the ASET-LV4 software causes the calculated current density maps to be inaccurately scaled, with local ionic currents overestimated if the entered conductivity is too high or underestimated if too low, since current density is directly proportional to conductivity in the conversion formula i = (σ × ΔV) / Δz.",,0,"Entering an incorrect conductivity value in ASET-LV4 causes incorrect scaling of the measured potential gradients into current density values, because conductivity is a direct multiplier in the conversion formula, so all reported current densities will be systematically over- or under-estimated."
Q17,C,grok-4-1-fast,RAG-,0.0,stop,What artifact results from using a vibration amplitude greater than 25 µm in SVET?,Using a vibration amplitude greater than 25 µm in SVET results in an artifact characterized by underestimation of the local ionic current density due to non-linear averaging of the potential gradient over a distance comparable to or exceeding the diffusion layer thickness.,,0,"Vibration amplitudes exceeding 25 µm cause local electrolyte stirring that thins the diffusion layer around the probe tip, artificially enhancing oxygen transport to cathodic sites and leading to significant overestimation of total cathodic currents relative to true anodic current."
Q18,C,grok-4-1-fast,RAG-,0.0,stop,What is the consequence for SVET data if the electrolyte evaporates significantly during a long scan?,"Significant electrolyte evaporation during a long SVET scan increases the ionic concentration and conductivity, causing baseline drift, distortion of measured local current densities, and inaccurate mapping of anodic and cathodic corrosion activities.",,0,"Electrolyte evaporation during long SVET scans progressively increases solution conductivity, which reduces the potential gradients above the sample and causes the measured current density values to be systematically underestimated over the course of the experiment."
Q19,C,grok-4-1-fast,RAG-,0.0,stop,What happens to probe performance if the platinization current stops increasing early during the deposition process?,"If the platinization current stops increasing early during the deposition process, the probe fails to develop sufficient platinum black surface area, resulting in reduced sensitivity, high impedance, poor signal-to-noise ratio, and degraded SVET performance for mapping local corrosion currents.",,0,"If the platinization current stops increasing prematurely, it indicates that the platinum black deposit has overfilled the hairy surface structure, reducing the effective electrochemical surface area and resulting in a probe with excessive noise and insufficient capacitance for reliable SVET measurements."
Q20,C,grok-4-1-fast,RAG-,0.0,stop,What is the consequence of setting probe-sample distance smaller than 4 times the vibration amplitude?,"Setting the probe-sample distance smaller than 4 times the vibration amplitude risks collision between the vibrating probe and the sample surface during downward excursion, potentially damaging the probe tip or sample.",,0,"Setting the probe too close relative to its vibration amplitude causes the probe to periodically approach the surface during the downward phase of oscillation, creating a non-sinusoidal position signal that the lock-in amplifier cannot correctly demodulate, resulting in overestimated current densities."
Q21,D,grok-4-1-fast,RAG-,0.0,stop,What is the key technical advantage of SVET over its predecessor SRET in terms of signal quality?,"The key technical advantage of SVET over SRET in terms of signal quality is the mechanical vibration of the electrode, which modulates the potential gradient into an AC signal amenable to lock-in amplification for a dramatically improved signal-to-noise ratio.",,0,"SVET's vibrating probe combined with lock-in amplifier detection provides approximately 10x better signal-to-noise ratio than the static probe used in SRET, because phase-sensitive demodulation extracts only the signal at the vibration frequency and rejects all other noise."
Q22,D,grok-4-1-fast,RAG-,0.0,stop,What is the key advantage of SVET over LEIS and SDC when studying certain sample types?,"The key advantage of SVET over LEIS and SDC is its ability to map local corrosion currents on electrically insulating or poorly conducting samples, such as coated metals or polymers, without requiring direct electrical contact with the substrate.",,0,"Unlike LEIS and SDC, which require a direct electrical connection to the sample, SVET can characterize naturally active, freely corroding, or biological samples because it measures ionic current in the overlying solution without any physical contact or external electrical bias."
Q23,D,grok-4-1-fast,RAG-,0.0,stop,"How does SVET spatial resolution compare to the physical probe tip diameter, and why?","SVET spatial resolution is poorer (typically 10-50 μm) than the physical probe tip diameter (usually 1-5 μm) because the probe must vibrate at a finite working distance (30-100 μm) above the surface, where electric field lines and ionic diffusion gradients spread laterally, averaging the signal over a larger effective area.",,0,"SVET spatial resolution is primarily determined by the probe standoff distance rather than the tip diameter, because current spreads laterally as it travels upward through the electrolyte, meaning using a smaller tip does not improve resolution once the tip height significantly exceeds the feature size being mapped."
Q24,D,grok-4-1-fast,RAG-,0.0,stop,"Why is the LECC-SVET approach considered more quantitatively accurate than standard SVET, and who developed it?","The LECC-SVET approach is considered more quantitatively accurate than standard SVET because it utilizes a controlled local electrochemical corrosion cell with predefined anodic and cathodic regions connected by an external circuit supplying a known current, enabling direct calibration and validation of measured ionic current densities without the model-dependent assumptions about diffusion layer thickness inherent in standard SVET, and it was developed by R. J. Kelly and colleagues at the University of Virginia.",,0,"LECC-SVET, introduced by Saeedikhani et al. (2022), replaces bulk electrolyte conductivity with locally simulated conductivity values derived from finite element modeling of the diffusion layer, yielding current density estimates closer to true unperturbed corrosion conditions than those obtained using bulk conductivity."
Q25,D,grok-4-1-fast,RAG-,0.0,stop,What fundamental limitation prevents SVET from distinguishing between different electrochemical reactions occurring at the same cathodic site?,"SVET cannot distinguish between different electrochemical reactions at the same cathodic site because it measures only the net ionic current density arising from the total flux of all charged species, lacking chemical specificity to identify individual reaction types.",,0,"SVET measures only the magnitude and direction of ionic current density in solution and has no chemical specificity, so it cannot differentiate between, for example, oxygen reduction and hydrogen evolution occurring simultaneously at the same cathodic region without complementary chemical sensing techniques."
Q26,E,grok-4-1-fast,RAG-,0.0,stop,Why is a mirror used during SVET probe vibration calibration in the AE system?,A mirror is used during SVET probe vibration calibration in the AE system to enable precise optical measurement of the probe's vibration amplitude by reflecting a laser beam onto a position-sensitive detector.,,0,"The mirror is used to visually confirm the probe vibration amplitude under magnification by observing the reflected image of the oscillating probe tip, allowing the operator to verify that the actual mechanical displacement matches the software-set amplitude before beginning measurements."
Q27,E,grok-4-1-fast,RAG-,0.0,stop,Why is the electrode assembly turned upside down during the filling step of glass microelectrode preparation?,"The electrode assembly is turned upside down during the filling step of glass microelectrode preparation to allow gravity to draw the electrolyte solution into the narrow tip while enabling any trapped air bubbles to escape upward from the open end, ensuring complete and bubble-free filling essential for accurate SVET measurements.",,0,"Turning the electrode assembly upside down during the filling step is an acceptable practice in the AE SVET system that allows working solution to be introduced via syringe into the glass capillary housing the Ag/AgCl microelectrode, helping ensure complete filling without trapped air pockets."
Q28,E,grok-4-1-fast,RAG-,0.0,stop,Why must the P-47 pipette puller be used for fabricating glass microelectrodes in the AE SVET system?,"The P-47 pipette puller must be used for fabricating glass microelectrodes in the AE SVET system because it provides the precise, reproducible vertical pulling program with controlled heat and ramp parameters essential for creating borosilicate tips with 1-5 μm inner diameters, thin walls, optimal taper angles, and straight shanks that ensure minimal damping, effective Pt black deposition, perfect insulation, and compatibility with the system's 10-50 μm vibration amplitude and high spatial resolution.",,0,The P-47 pipette puller is used in the AE SVET system to fabricate glass microelectrodes by running Program 4 at a ramp test temperature of 607 °C to pull the glass capillary to the fine-tipped geometry required for the glass microelectrode assembly.
