question_id,subtype,model,rag_condition,temperature,finish_reason,question_text,raw_response,retrieved_context,ground_truth
Q01,A,gemini-2.5-flash,RAG-,0.0,STOP,Why does probe platinization improve SVET signal quality?,"Platinization increases the effective surface area of the probe, which significantly lowers its electrochemical impedance, thereby improving the signal-to-noise ratio and stability by facilitating electron transfer and reducing noise.",,"Electrodepositing platinum black onto the probe tip dramatically increases its electrochemical surface area, creating a highly capacitive interface (target >1 nF) that reduces impedance and lowers noise in the measured signal."
Q02,A,gemini-2.5-flash,RAG-,0.0,STOP,Why does excessive platinization degrade SVET probe performance?,"Excessive platinization increases the effective sensing area of the microelectrode, thereby degrading spatial resolution and increasing noise due to the larger, less stable surface.",,"When the hairy platinum black structure becomes too thick, it fills in on itself, reducing the effective surface area and causing signal instability and increased noise rather than further improvement."
Q03,A,gemini-2.5-flash,RAG-,0.0,STOP,Why does the SVET probe need to vibrate during measurement?,"The SVET probe vibrates to convert the local DC potential gradient generated by ionic currents above a corroding surface into an AC signal, which can then be phase-sensitively amplified and detected to isolate the electrochemical signal from background noise and drift.",,"Vibration converts the DC potential gradient above the sample into an AC signal at a known frequency, enabling phase-sensitive lock-in detection that extracts the signal from background noise with approximately 10x better signal-to-noise ratio than static SRET."
Q04,A,gemini-2.5-flash,RAG-,0.0,STOP,Why does increasing electrolyte conductivity reduce SVET signal strength?,"Increasing electrolyte conductivity reduces SVET signal strength because it lowers the solution's electrical resistance, causing the same local ionic currents to generate smaller potential gradients that the vibrating electrode detects.",,"In high-conductivity solutions, ionic currents produce smaller potential gradients in the electrolyte above the sample, so the voltage difference sensed by the vibrating probe decreases, reducing sensitivity and raising the detection threshold."
Q05,A,gemini-2.5-flash,RAG-,0.0,STOP,Why must the probe-sample distance be at least 4 times the vibration amplitude?,"The probe-sample distance must be at least 4 times the vibration amplitude to ensure the vibrating electrode tip never physically contacts the sample surface throughout its oscillation, thereby preventing damage to both the probe and sample while maintaining stable signal acquisition.",,"If the standoff distance is less than 4x the vibration amplitude, the probe spends part of its oscillation cycle meaningfully closer to the surface than assumed, distorting the sinusoidal position signal that the lock-in amplifier relies on and causing overestimation of local currents."
Q06,A,gemini-2.5-flash,RAG-,0.0,STOP,Why does increasing probe-sample distance reduce SVET spatial resolution?,"Increasing probe-sample distance reduces SVET spatial resolution because ionic currents originating from localized electrochemical activity spread and mix more extensively within the solution before reaching the probe, resulting in a broader, averaged signal.",,"Spatial resolution in SVET is limited by the probe height above the sample, because current from a point source spreads laterally as it travels upward, meaning two adjacent corrosion sites can only be resolved if the probe height is approximately half their separation distance."
Q07,A,gemini-2.5-flash,RAG-,0.0,STOP,Why is the lock-in amplifier phase angle setting critical in SVET?,"The lock-in amplifier phase angle setting is critical in SVET because it must be precisely tuned to the phase of the potential gradient signal generated by the vibrating electrode to accurately measure the in-phase component proportional to local ionic current density, while rejecting quadrature components and noise.",,"The lock-in must be set so that the probe's motion-induced voltage appears fully in-phase with the reference signal, because a 90-degree phase offset causes the output to go to zero, meaning an incorrect phase setting can make real electrochemical signals disappear entirely from the measurement."
Q08,A,gemini-2.5-flash,RAG-,0.0,STOP,Why does SVET measure only ionic current in solution rather than true metal dissolution rates?,"SVET measures the local ionic current density in the electrolyte, which arises from the movement of charged species in solution, rather than directly quantifying the electron transfer or mass loss that defines true metal dissolution at the material surface.",,"SVET detects the potential gradient generated by ionic current flowing between anodic and cathodic sites above the measurement height, but it misses current pathways that flow entirely below the probe standoff distance and cannot capture return paths outside the mapped area, making it a semi-quantitative technique rather than a direct dissolution rate measurement."
Q09,B,gemini-2.5-flash,RAG-,0.0,STOP,"What is the recommended probe-sample distance during SVET calibration on the AE system in 10 mM NaCl, and why is it used as the standard?","The recommended probe-sample distance during SVET calibration on the AE system in 10 mM NaCl is 100 µm because it provides an optimal balance between signal sensitivity, spatial resolution, and practical operational stability, minimizing probe interference while maintaining a robust potential gradient for accurate measurement.",,"The recommended probe-sample distance for AE SVET calibration in 10 mM NaCl is 150 µm, providing a balance between sufficient signal strength and safe standoff from the surface, and this distance is used as the reference height when applying the −60 nA calibration current to convert the measured gradient into current density."
Q10,B,gemini-2.5-flash,RAG-,0.0,STOP,"What gain configuration is used in the AE SVET system, and why should the pre-amplifier gain not be altered?","The AE SVET system utilizes a differential gain configuration, and its pre-amplifier gain should not be altered because it is factory-calibrated to maintain a precise relationship between the measured AC potential and the calculated ionic current density, which is crucial for quantitative accuracy.",,"The standard AE SVET configuration uses 500x gain in the PSDA-2 and 100x in the pre-amplifier, and the pre-amplifier gain must not be altered without updating the matching gain setting in the ASET-LV4 software SENSOR window, because a mismatch causes the current densities reported by the software to be incorrect."
Q11,B,gemini-2.5-flash,RAG-,0.0,STOP,Why is 10 mM NaCl the standard solution used for AE SVET probe calibration?,"10 mM NaCl is the standard solution for AE SVET probe calibration because it provides a stable, well-characterized, and reproducible ionic conductivity and potential gradient, allowing for accurate determination of the probe's sensitivity to local current density in a relevant concentration range for many corrosion processes.",,"10 mM NaCl is used for AE SVET calibration because it provides a well-defined, reproducible conductivity that is low enough to generate measurable potential gradients during the Point Injection Source calibration procedure while being representative of dilute corrosion-relevant electrolyte conditions."
Q12,B,gemini-2.5-flash,RAG-,0.0,STOP,"What is the typical sensitivity limit of standard SVET systems, and what solution conditions does it apply to?",Standard SVET systems typically achieve a sensitivity limit of approximately 10 pA/cm² for local ionic current density measurements in moderately conductive aqueous solutions.,,"Standard SVET systems can detect current densities on the order of 1 µA/cm² in moderate-conductivity solutions such as 0.05 M NaCl at a probe standoff of approximately 100 µm, with sensitivity improving in lower-conductivity media where a given current produces larger potential gradients."
Q13,B,gemini-2.5-flash,RAG-,0.0,STOP,What sandpaper grit is recommended for preparing Pt wire surfaces before platinization in the AE system?,A 600-grit sandpaper is recommended for preparing Pt wire surfaces before platinization in the AE system.,,"Fine-grit sandpaper (typically 500–600 grit) is used to abrade platinum wire surfaces before platinization in the AE SVET system to remove surface contamination and create a clean, lightly roughened surface that promotes uniform adhesion of the platinum black deposit."
Q14,B,gemini-2.5-flash,RAG-,0.0,STOP,What compressed gas and pressure are recommended for probe vibration calibration and environmental cleaning in the AE SVET setup?,High-purity nitrogen at a pressure of 1 to 2 bar (15 to 30 psi) is recommended for probe vibration calibration and environmental cleaning in the AE SVET setup.,,Compressed air or nitrogen at 30-40 psi is recommended for cleaning the vibration calibration environment in the AE SVET system to remove dust and debris without disturbing the optical alignment needed for mirror-based amplitude verification.
Q15,B,gemini-2.5-flash,RAG-,0.0,STOP,What is the typical wait-time setting used between measurement points in ASET-LV4 software during SVET scans?,The typical wait-time setting used between measurement points in ASET-LV4 software during SVET scans is 0.5 seconds.,,"The typical wait-time between measurement points in ASET-LV4 is approximately 0.05 seconds, which allows the lock-in amplifier output to stabilize at each position before recording the signal."
Q16,C,gemini-2.5-flash,RAG-,0.0,STOP,What happens to SVET measurements if the operator enters an incorrect conductivity value in the ASET-LV4 software?,"Entering an incorrect conductivity value in ASET-LV4 software will result in quantitatively inaccurate current density values on the SVET map, as the software uses this parameter to convert the measured potential gradient into current density.",,"Entering an incorrect conductivity value in ASET-LV4 causes incorrect scaling of the measured potential gradients into current density values, because conductivity is a direct multiplier in the conversion formula, so all reported current densities will be systematically over- or under-estimated."
Q17,C,gemini-2.5-flash,RAG-,0.0,STOP,What artifact results from using a vibration amplitude greater than 25 µm in SVET?,"Vibration amplitudes greater than 25 µm in SVET induce hydrodynamic mixing artifacts that broaden and smear local current density peaks, thereby reducing spatial resolution and measurement accuracy.",,"Vibration amplitudes exceeding 25 µm cause local electrolyte stirring that thins the diffusion layer around the probe tip, artificially enhancing oxygen transport to cathodic sites and leading to significant overestimation of total cathodic currents relative to true anodic current."
Q18,C,gemini-2.5-flash,RAG-,0.0,STOP,What is the consequence for SVET data if the electrolyte evaporates significantly during a long scan?,"Significant electrolyte evaporation during a long SVET scan will alter the electrolyte concentration, conductivity, and pH, leading to inaccurate ionic current density measurements due to changes in signal amplitude, varying electrode immersion depth, and the formation of obstructive salt deposits.",,"Electrolyte evaporation during long SVET scans progressively increases solution conductivity, which reduces the potential gradients above the sample and causes the measured current density values to be systematically underestimated over the course of the experiment."
Q19,C,gemini-2.5-flash,RAG-,0.0,STOP,What happens to probe performance if the platinization current stops increasing early during the deposition process?,"If the platinization current stops increasing early during deposition, the probe will exhibit higher impedance, reduced sensitivity, and increased noise due to insufficient platinum black formation, thereby compromising its ability to accurately detect and map local ionic currents.",,"If the platinization current stops increasing prematurely, it indicates that the platinum black deposit has overfilled the hairy surface structure, reducing the effective electrochemical surface area and resulting in a probe with excessive noise and insufficient capacitance for reliable SVET measurements."
Q20,C,gemini-2.5-flash,RAG-,0.0,STOP,What is the consequence of setting probe-sample distance smaller than 4 times the vibration amplitude?,"Setting the probe-sample distance smaller than 4 times the vibration amplitude causes the probe to vibrate within the diffusion layer or hydrodynamic boundary layer, leading to perturbation of local ionic currents and potential gradients, thereby yielding inaccurate or distorted measurements.",,"Setting the probe too close relative to its vibration amplitude causes the probe to periodically approach the surface during the downward phase of oscillation, creating a non-sinusoidal position signal that the lock-in amplifier cannot correctly demodulate, resulting in overestimated current densities."
Q21,D,gemini-2.5-flash,RAG-,0.0,STOP,What is the key technical advantage of SVET over its predecessor SRET in terms of signal quality?,"SVET's key technical advantage over SRET in terms of signal quality is its use of a vibrating electrode to convert the DC potential gradient into an AC signal, enabling lock-in amplification for superior noise rejection and a significantly improved signal-to-noise ratio.",,"SVET's vibrating probe combined with lock-in amplifier detection provides approximately 10x better signal-to-noise ratio than the static probe used in SRET, because phase-sensitive demodulation extracts only the signal at the vibration frequency and rejects all other noise."
Q22,D,gemini-2.5-flash,RAG-,0.0,STOP,What is the key advantage of SVET over LEIS and SDC when studying certain sample types?,"SVET's key advantage lies in its ability to non-invasively map direct current (DC) ionic activity and corrosion processes in a bulk electrolyte, which is crucial for samples sensitive to physical contact, localized isolation, or alternating current (AC) perturbations inherent to SDC and LEIS, respectively.",,"Unlike LEIS and SDC, which require a direct electrical connection to the sample, SVET can characterize naturally active, freely corroding, or biological samples because it measures ionic current in the overlying solution without any physical contact or external electrical bias."
Q23,D,gemini-2.5-flash,RAG-,0.0,STOP,"How does SVET spatial resolution compare to the physical probe tip diameter, and why?","SVET spatial resolution is typically better than the physical probe tip diameter because it measures the potential gradient, not the absolute potential, effectively localizing the source of ionic current to a region smaller than the physical tip.",,"SVET spatial resolution is primarily determined by the probe standoff distance rather than the tip diameter, because current spreads laterally as it travels upward through the electrolyte, meaning using a smaller tip does not improve resolution once the tip height significantly exceeds the feature size being mapped."
Q24,D,gemini-2.5-flash,RAG-,0.0,STOP,"Why is the LECC-SVET approach considered more quantitatively accurate than standard SVET, and who developed it?","LECC-SVET, developed by Charles and Birbilis, is considered more quantitatively accurate than standard SVET because it corrects for the probe's transfer function and local solution conductivity variations, providing a more direct measurement of local current density.",,"LECC-SVET, introduced by Saeedikhani et al. (2022), replaces bulk electrolyte conductivity with locally simulated conductivity values derived from finite element modeling of the diffusion layer, yielding current density estimates closer to true unperturbed corrosion conditions than those obtained using bulk conductivity."
Q25,D,gemini-2.5-flash,RAG-,0.0,STOP,What fundamental limitation prevents SVET from distinguishing between different electrochemical reactions occurring at the same cathodic site?,"SVET measures the net ionic current density resulting from the movement of all charge-carrying species, making it unable to distinguish individual contributions from different electrochemical reactions occurring simultaneously at a single cathodic site.",,"SVET measures only the magnitude and direction of ionic current density in solution and has no chemical specificity, so it cannot differentiate between, for example, oxygen reduction and hydrogen evolution occurring simultaneously at the same cathodic region without complementary chemical sensing techniques."
Q26,E,gemini-2.5-flash,RAG-,0.0,STOP,Why is a mirror used during SVET probe vibration calibration in the AE system?,"A mirror is used during SVET probe vibration calibration in the AE system to reflect a laser beam off the vibrating probe onto a position-sensitive detector, allowing for precise measurement and calibration of the probe's vibration amplitude and frequency.",,"The mirror is used to visually confirm the probe vibration amplitude under magnification by observing the reflected image of the oscillating probe tip, allowing the operator to verify that the actual mechanical displacement matches the software-set amplitude before beginning measurements."
Q27,E,gemini-2.5-flash,RAG-,0.0,STOP,Why is the electrode assembly turned upside down during the filling step of glass microelectrode preparation?,The electrode assembly is turned upside down during filling to allow gravity to assist in expelling trapped air bubbles and drawing the electrolyte solution completely into the fine tip of the glass microelectrode.,,"Turning the electrode assembly upside down during the filling step is an acceptable practice in the AE SVET system that allows working solution to be introduced via syringe into the glass capillary housing the Ag/AgCl microelectrode, helping ensure complete filling without trapped air pockets."
Q28,E,gemini-2.5-flash,RAG-,0.0,STOP,Why must the P-47 pipette puller be used for fabricating glass microelectrodes in the AE SVET system?,"The P-47 pipette puller is used for fabricating glass microelectrodes in the AE SVET system because its microprocessor-controlled, multi-stage pulling capabilities ensure the precise and reproducible creation of the fine-tipped, specific geometries critical for high spatial resolution and consistent electrochemical measurements.",,The P-47 pipette puller is used in the AE SVET system to fabricate glass microelectrodes by running Program 4 at a ramp test temperature of 607 °C to pull the glass capillary to the fine-tipped geometry required for the glass microelectrode assembly.
